{"cameraMode":{"drawMode":0,"name":"Shaded","section":"Shading Mode"},"sceneLighting":false,"audioPlay":false,"sceneViewState":{"showFog":true,"showMaterialUpdate":false,"showSkybox":true,"showFlares":true,"showImageEffects":true,"showParticleSystems":true},"in2DMode":false,"pivot":{"x":12.309345245361329,"y":-21.489133834838868,"z":-24.95314598083496},"rotation":{"x":-0.12645003199577332,"y":0.04313386231660843,"z":-0.005503719672560692,"w":-0.9910232424736023},"size":-1.1744489669799805,"orthographic":false}