{"cameraMode":{"drawMode":0,"name":"Shaded","section":"Shading Mode"},"sceneLighting":false,"audioPlay":false,"sceneViewState":{"showFog":true,"showMaterialUpdate":false,"showSkybox":true,"showFlares":true,"showImageEffects":true,"showParticleSystems":true},"in2DMode":false,"pivot":{"x":15.575323104858399,"y":-4.626774787902832,"z":2.0691680908203127},"rotation":{"x":-0.09317432343959809,"y":-0.0026912554167211057,"z":0.0002436504582874477,"w":-0.9956583976745606},"size":56.372283935546878,"orthographic":false}